,Years,Team,QB,RB,WR,TE,OL,Offense,IDL,EDGE,LB,S,CB,Defense,total,Vegas Total,Wins
28,2016,Seahawks,0.14508204,0.017077868,0.105017433,0.096873998,0.048171613,0.412222952,0.043239695,0.132217715,0.117810787,0.136858225,0.157650627,0.587777048,130939708,"10.5 (Under total, won 10 games)",10
7,2015,Lions,0.155127367,0.046578748,0.213712981,0.064591492,0.087352026,0.567362613,0.103264614,0.099790342,0.113869355,0.073260165,0.042452911,0.432637387,119246851,8,7
16,2013,Bears,0.099011035,0.105681401,0.14557831,0.021906901,0.088427069,0.460604715,0.096577938,0.164585053,0.109849849,0.03338501,0.134997435,0.539395285,113891053,8.50,8
31,2019,Dolphins,0.065780816,0.018383036,0.1965092,0.025778504,0.092939684,0.39939124,0.065520646,0.041582322,0.04843619,0.283157644,0.161911959,0.60060876,108236693,4.5,5
16,2016,Giants,0.183813883,0.069413952,0.114406021,0.021650314,0.096105749,0.485389919,0.065628313,0.177766057,0.089002867,0.025845768,0.156367076,0.514610081,139245739,"8.5 (Over total, won 11 games)",11
12,2014,Lions,0.141864934,0.050668584,0.154984773,0.045887121,0.09888057,0.492285981,0.233180471,0.084249756,0.112276773,0.044496081,0.033510938,0.507714019,120055517,8.5,11
24,2013,Steelers,0.141347856,0.023412139,0.080804777,0.084547849,0.099504169,0.429616791,0.115578315,0.117754959,0.084068797,0.151331619,0.101649519,0.570383209,108902522,9.50,8
17,2014,Chiefs,0.074307544,0.097210164,0.149615849,0.052138178,0.102996493,0.476268228,0.120911831,0.138831151,0.066093751,0.125344031,0.072551009,0.523731772,118250968,8,9
31,2015,Titans,0.047144329,0.049679513,0.076237197,0.098173891,0.104849068,0.376083998,0.198488505,0.09690816,0.057165471,0.121574704,0.149779163,0.623916002,106418314,5.5,3
26,2015,Seahawks,0.070263208,0.087354794,0.08121321,0.082651193,0.105216979,0.426699383,0.078852346,0.148663333,0.103900182,0.114106779,0.127777976,0.573300617,121754589,11.5,10
30,2016,Broncos,0.017306144,0.058571302,0.188520506,0.030634118,0.109369538,0.404401609,0.113842961,0.174406158,0.048537423,0.087913269,0.17089858,0.595598391,130656545,"9 (Pushed total, won 9 games)",9
14,2017,Bengals,0.109301364,0.049250746,0.158961892,0.061252324,0.112226284,0.490992609,0.080429498,0.093593287,0.114607425,0.071372192,0.149004989,0.509007391,153688961,"8.5 (Under total, won 7 games)",7
24,2020,Vikings,0.14524761,0.046916633,0.117181697,0.07544639,0.113591143,0.498383473,0.058794805,0.076446133,0.15888393,0.155450277,0.052041382,0.501616527,152657245,4.5,7
21,2016,Chiefs,0.154451903,0.061352794,0.122743948,0.037588032,0.114326807,0.490463483,0.132267113,0.161266965,0.056347088,0.119556676,0.040098675,0.509536517,130993530,"9.5 (Over total, won 12 games)",12
28,2015,Colts,0.087485965,0.044256041,0.104926504,0.032185341,0.114599881,0.383453732,0.119145069,0.199300749,0.083856968,0.046278415,0.167965068,0.616546268,125356107,11,8
28,2017,Titans,0.071210264,0.060167769,0.134242632,0.051500279,0.117819203,0.434940148,0.144400816,0.15828064,0.063333144,0.093953923,0.10509133,0.565059852,145367330,"9 (Pushed total, won 9 games)",9
24,2019,Bears,0.084546298,0.010783904,0.17180295,0.075142636,0.119490918,0.461766706,0.110118463,0.114697794,0.096945236,0.034184431,0.182287369,0.538233294,166245446,9,8
22,2014,Cardinals,0.145411485,0.023136135,0.127890853,0.038458239,0.120102222,0.454998934,0.225181713,0.081911252,0.060544004,0.030289624,0.147074474,0.545001066,114686271,7.5,11
10,2013,Lions,0.212209355,0.03924914,0.151439577,0.041417515,0.124051919,0.568367507,0.144430594,0.076925946,0.10305092,0.046842262,0.060382771,0.431632493,101582072,7.50,7
30,2015,Bills,0.031366623,0.06476417,0.107405772,0.048193086,0.126771942,0.378501592,0.141402166,0.230110976,0.061192561,0.047539467,0.141253238,0.621498408,119003502,8.5,8
18,2014,Steelers,0.184480189,0.014433162,0.068684757,0.067864247,0.127392064,0.46285442,0.080944598,0.116123574,0.131634969,0.092977725,0.115464714,0.53714558,115639181,8.5,11
31,2018,Bills,0.047015573,0.120070537,0.029639276,0.096679634,0.127969743,0.421374763,0.131170448,0.177292145,0.082591702,0.11792288,0.069648061,0.578625237,105772018,"6 (Pushed total, won 6 games)",6
24,2018,Giants,0.185684149,0.089853333,0.097276916,0.056075087,0.129687763,0.558577247,0.05128782,0.185600015,0.058423723,0.041776458,0.104334736,0.441422753,126084672,"7 (Under total, won 5 games)",5
12,2018,Patriots,0.148156081,0.050752584,0.100138137,0.107628094,0.13083362,0.537508517,0.056847086,0.082191303,0.079841953,0.146482435,0.097128706,0.462491483,155540021,"11.5 (Under total, won 11 games)",11
30,2020,Ravens,0.036732983,0.050208729,0.078764354,0.051648163,0.131987055,0.349341285,0.188932855,0.159369158,0.041858017,0.037782204,0.222716481,0.650658715,162436793,11.5,11
30,2018,Cardinals,0.041780481,0.053060635,0.170825229,0.066616502,0.132451548,0.464734395,0.052524414,0.180619226,0.102473421,0.070778874,0.12886967,0.535265605,125177903,"5.5 (Under total, won 3 games)",3
13,2019,Vikings,0.165499058,0.024404351,0.124198495,0.033528067,0.133462524,0.481092495,0.083603428,0.13111163,0.071235482,0.083115907,0.149841059,0.518907505,180695893,9,10
27,2017,Seahawks,0.099327876,0.0357958,0.056111763,0.080738814,0.135824078,0.407798332,0.0636454,0.127906832,0.117451205,0.134358015,0.148840217,0.592201668,155483743,"10.5 (Under total, won 9 games)",9
12,2016,Cardinals,0.149422054,0.036855611,0.135923923,0.042350399,0.137527436,0.502079423,0.168922986,0.086338525,0.044301392,0.07988983,0.118467843,0.497920577,140324982,"10.5 (Under total, won 7 games)",7
21,2020,Lions,0.142695229,0.027373379,0.106057365,0.062715838,0.137542141,0.476383951,0.050827375,0.159022725,0.096556479,0.049915172,0.167294299,0.523616049,166624148,7,5
22,2017,Vikings,0.161062806,0.043685341,0.077449659,0.057127941,0.138955139,0.478280887,0.099025432,0.111895198,0.076054989,0.081994737,0.152748757,0.521719113,139841622,"8.5 (Over total, won 13 games)",13
29,2018,Texans,0.028698561,0.056019711,0.14632558,0.025253359,0.139269737,0.395566947,0.124133284,0.133175921,0.067002388,0.07579603,0.204325431,0.604433053,156758593,"8.5 (Over total, won 11 games)",11
25,2016,49ers,0.195963511,0.025050488,0.098220097,0.046438752,0.139965593,0.505638441,0.082677944,0.113130158,0.134111864,0.089385899,0.075055694,0.494361559,120912852,"5.5 (Under total, won 2 games)",2
10,2015,Falcons,0.186219755,0.019229073,0.220678329,0.026166348,0.13998829,0.592281795,0.129437884,0.104969482,0.055736788,0.070541032,0.047033019,0.407718205,108520570,8.5,8
16,2014,Patriots,0.141137377,0.041459268,0.127225793,0.067338975,0.140672189,0.517833602,0.096097663,0.051460161,0.117366932,0.078521623,0.138720019,0.482166398,109439727,11,12
18,2016,Ravens,0.188150072,0.0194917,0.106517105,0.066956231,0.14083669,0.521951797,0.05662446,0.133814331,0.037557818,0.147946676,0.102104917,0.478048203,127860169,"8.5 (Under total, won 8 games)",8
26,2017,Rams,0.054002086,0.048418979,0.175611612,0.022544012,0.141400767,0.441977456,0.132693475,0.11031256,0.124624198,0.036169127,0.154223184,0.558022544,143608026,"5.5 (Over total, won 11 games)",11
13,2016,Packers,0.136402811,0.033512563,0.140751559,0.024280845,0.142570058,0.477517835,0.096244133,0.225549227,0.012724095,0.075200381,0.11276433,0.522482165,145967080,"11 (Under total, won 10 games)",10
27,2019,Panthers,0.153787011,0.039608503,0.057977587,0.056914725,0.142570997,0.450858822,0.191634281,0.116564496,0.140431908,0.054128503,0.04638199,0.549141178,158632025,8,5
19,2017,Giants,0.140090513,0.044723965,0.095199243,0.031398733,0.143534232,0.454946686,0.086436371,0.172679396,0.077885293,0.025284541,0.182767713,0.545053314,153073213,"9 (Under total, won 3 games)",3
10,2018,Buccaneers,0.072206522,0.022785325,0.195295867,0.058514236,0.144067924,0.492869873,0.177043913,0.123756801,0.08477844,0.034487467,0.087063507,0.507130127,174733565,"6.5 (Under total, won 5 games)",5
21,2017,Texans,0.027218409,0.066647753,0.159907324,0.07505447,0.144153055,0.472981011,0.12583475,0.105712781,0.069411604,0.074816416,0.151243438,0.527018989,141665406,"8.5 (Under total, won 4 games)",4
15,2016,Lions,0.196426168,0.033426913,0.148963949,0.05482571,0.144546267,0.578189007,0.073918706,0.071840928,0.113951611,0.094170676,0.067929073,0.421810993,118817285,"7 (Over total, won 9 games)",9
22,2015,Chiefs,0.1867339,0.083959968,0.053669031,0.019766469,0.145075448,0.489204817,0.10274298,0.118640646,0.070391617,0.122704609,0.096315332,0.510795183,115013610,9,11
20,2019,Patriots,0.138217516,0.075007971,0.124073315,0.016420767,0.145614083,0.499333652,0.041838146,0.067178318,0.104717708,0.17123376,0.115698416,0.500666348,163041593,12,12
8,2017,Panthers,0.144871818,0.072187312,0.048442135,0.101178239,0.145676858,0.512356361,0.127426234,0.095241715,0.17375108,0.049074336,0.042150274,0.487643639,156763630,"9 (Over total, won 11 games)",11
19,2015,Cowboys,0.141233388,0.03024442,0.094770007,0.070314926,0.14644131,0.483004051,0.02671583,0.138684593,0.106985219,0.043678024,0.200932283,0.516995949,120247770,9.5,4
9,2018,Vikings,0.14662076,0.047153463,0.084961832,0.05314807,0.147763917,0.479648042,0.102649481,0.103118472,0.102453459,0.087162701,0.124967846,0.520351958,180479217,"10.5 (Under total, won 8 games)",8
23,2015,Rams,0.041294668,0.036193728,0.093891668,0.122460372,0.147997328,0.441837765,0.081636539,0.29293708,0.084558792,0.065053678,0.033976147,0.558162235,126371011,7.5,7
7,2014,Dolphins,0.069891434,0.040855104,0.221478803,0.018999557,0.14831337,0.499538269,0.066282211,0.12600642,0.15413552,0.05642926,0.09760832,0.500461731,129119485,7.5,8
25,2018,Ravens,0.188165217,0.022952987,0.087940773,0.032509565,0.148364861,0.479933404,0.070204591,0.080177223,0.07502858,0.112207751,0.182448451,0.520066596,146531428,"8.5 (Over total, won 10 games)",10
0,2016,Cowboys,0.166050863,0.062974612,0.137675073,0.068481809,0.148579778,0.583762135,0.03182443,0.07224263,0.11064381,0.058071756,0.143455239,0.416237865,144089272,"8.5 (Over total, won 13 games)",13
18,2020,Rams,0.192822664,0.029935672,0.106933468,0.082428946,0.148739519,0.560860268,0.219360797,0.078218549,0.02045315,0.040323236,0.080784,0.439139732,154245779,9,10
31,2020,Broncos,0.023883406,0.054725806,0.056490706,0.043287668,0.148775912,0.327163498,0.143207985,0.220827586,0.022753736,0.163940316,0.122106879,0.672836502,164924386,6.5,5
30,2014,Colts,0.087887078,0.036126805,0.107634996,0.02601476,0.148819868,0.406483508,0.16711285,0.146508722,0.071143502,0.067176563,0.141574855,0.593516492,111272945,9.5,11
10,2017,Patriots,0.097308251,0.074010761,0.126627928,0.086827526,0.149202546,0.533977012,0.070473974,0.035148753,0.089253082,0.159542703,0.111604476,0.466022988,148769204,"12.5 (Over total, won 13 games)",13
26,2016,Bills,0.079803814,0.07995593,0.100635798,0.062025205,0.149851402,0.47227215,0.175975797,0.088724889,0.033566182,0.111468559,0.117992422,0.52772785,128895117,"8 (Under total, won 7 games)",7
6,2014,Bears,0.17412514,0.086802421,0.111430037,0.065548594,0.150308248,0.58821444,0.038375318,0.13003223,0.096819207,0.040174543,0.106384262,0.41178556,110375320,8.5,5
27,2016,Rams,0.075336492,0.053268934,0.135355004,0.061994099,0.151006508,0.476961037,0.09832481,0.178013493,0.078935064,0.049357478,0.118408118,0.523038963,125481168,"7 (Under total, won 4 games)",4
26,2014,Jaguars,0.094511579,0.062404292,0.086088741,0.10477749,0.151068472,0.498850573,0.11618388,0.169582042,0.136780926,0.029283551,0.049319027,0.501149427,101096925,5,3
11,2020,Seahawks,0.181796694,0.056424554,0.091977604,0.068571076,0.1510784,0.549848328,0.067920481,0.063926599,0.192128039,0.069888222,0.056288331,0.450151672,176372294,13.5,12
20,2017,Jaguars,0.064207792,0.087492228,0.086142453,0.04768753,0.152374318,0.437904321,0.2352167,0.052600359,0.084253203,0.101736029,0.088289389,0.562095679,156865431,"6.5 (Over total, won 10 games)",10
11,2017,Dolphins,0.222275625,0.022256151,0.065733505,0.06400614,0.152553578,0.526824999,0.143473207,0.135088106,0.079903734,0.075988623,0.03872133,0.473175001,148726528,"7.5 (Under total, won 6 games)",6
28,2013,Bills,0.049711518,0.089137256,0.095706807,0.047854006,0.154075297,0.436484884,0.177052024,0.141440895,0.057715112,0.111952792,0.075354294,0.563515116,93820108,6.50,6
20,2014,Packers,0.157886104,0.023583308,0.076969393,0.020188164,0.154680615,0.433307583,0.061153487,0.194645871,0.091263062,0.062019791,0.157610205,0.566692417,122073758,10.5,12
13,2013,Packers,0.117521188,0.021940239,0.09233338,0.102427532,0.155438122,0.489660461,0.142972477,0.11425171,0.082189747,0.044877804,0.126047801,0.510339539,110728969,10.50,8
19,2018,Seahawks,0.167701368,0.031711646,0.137791795,0.022300153,0.155866113,0.515371074,0.037132915,0.036198714,0.182268175,0.179040765,0.049988356,0.484628926,146814330,"7.5 (Over total, won 10 games)",10
15,2017,Chargers,0.139550695,0.036862941,0.149913975,0.065473223,0.156625158,0.548425993,0.124351078,0.168780858,0.042724099,0.047746868,0.067971104,0.451574007,137261946,"7.5 (Over total, won 9 games)",9
15,2020,Bengals,0.045609394,0.05963275,0.215162252,0.057662588,0.157662889,0.535729874,0.169375625,0.024201006,0.034495844,0.076056704,0.160140948,0.464270126,172822819,4.5,4
15,2018,Bengals,0.101762124,0.03649774,0.132147966,0.053902683,0.158350906,0.482661419,0.106388597,0.127725856,0.108921474,0.039773684,0.13452897,0.517338581,169003479,"6.5 (Under total, won 6 games)",6
6,2015,Chargers,0.19379248,0.060672243,0.072087004,0.090909562,0.158513739,0.575975029,0.115502792,0.038921605,0.085840152,0.103124207,0.080636214,0.424024971,118695875,8.5,4
28,2020,Dolphins,0.084531181,0.037216584,0.079588071,0.031691304,0.158561152,0.391588291,0.054653068,0.189877335,0.055405703,0.096003489,0.212472114,0.608411709,162521177,8,10
6,2013,Saints,0.159823229,0.08046621,0.102601033,0.028514905,0.15944364,0.530849016,0.056972516,0.12585571,0.096932516,0.087501337,0.101888905,0.469150984,113833484,9.00,11
11,2013,49ers,0.02634949,0.083499474,0.154259071,0.096117394,0.159878825,0.520104254,0.100290385,0.092704415,0.069717425,0.097275548,0.119907973,0.479895746,109965507,11.00,12
16,2015,Packers,0.152495086,0.022141104,0.098836555,0.025016148,0.159891075,0.458379968,0.080703766,0.270826859,0.00793328,0.081905599,0.100250528,0.541620032,131747904,11,10
19,2020,Bears,0.087531948,0.02787053,0.134700384,0.054269907,0.159896386,0.464269156,0.125536412,0.187764762,0.062153806,0.041220097,0.119055767,0.535730844,186158029,8.5,8
21,2018,Jaguars,0.061634485,0.07100246,0.098782738,0.027553741,0.160137757,0.419111181,0.282512311,0.01094336,0.068486593,0.064149233,0.154797321,0.580888819,175004837,"9 (Under total, won 5 games)",5
25,2017,Broncos,0.026574172,0.041276419,0.16980422,0.0327511,0.160656033,0.431061944,0.122734646,0.15858137,0.06363063,0.059478185,0.164513226,0.568938056,147548265,"8 (Under total, won 5 games)",5
17,2017,Colts,0.175716422,0.053236099,0.123896715,0.079719276,0.161155324,0.593723836,0.118057309,0.168752642,0.024449706,0.060088866,0.034927641,0.406276164,125940369,"7.5 (Under total, won 4 games)",4
19,2014,Bengals,0.089467693,0.029922087,0.088878177,0.067573726,0.161437715,0.437279399,0.132306157,0.119510939,0.112180205,0.053493849,0.145229451,0.562720601,122146024,9,10
14,2018,Bears,0.066472752,0.017974507,0.163914142,0.105759822,0.162057119,0.516178341,0.102045381,0.16375078,0.075653927,0.026245165,0.116126405,0.483821659,159437976,"6.5 (Over total, won 12 games)",12
9,2016,Colts,0.155216497,0.043126049,0.113962857,0.086577478,0.162977088,0.561859969,0.086550731,0.136568555,0.047861209,0.05943625,0.107723286,0.438140031,128723431,"9 (Under total, won 8 games)",8
9,2013,Falcons,0.108197431,0.062352052,0.172466098,0.068743585,0.163126818,0.574885984,0.097166368,0.080644397,0.083561905,0.071832364,0.091908982,0.425114016,100927905,10.00,4
18,2017,Lions,0.121112678,0.039456992,0.132651156,0.039281275,0.163360515,0.495862616,0.107188848,0.105804143,0.085542592,0.078304534,0.127297267,0.504137384,140754876,"7.5 (Over total, won 9 games)",9
8,2015,Bears,0.153012241,0.104738918,0.116929507,0.069165363,0.163952166,0.607798196,0.046631121,0.163219453,0.038516345,0.080478034,0.063356851,0.392201804,109307516,6.5,6
27,2013,Ravens,0.074126359,0.079705926,0.080206871,0.039828223,0.164242876,0.438110255,0.173486478,0.194025228,0.046124818,0.038295982,0.109957239,0.561889745,99577628,9.00,8
5,2013,Texans,0.103404869,0.095215019,0.125318759,0.061117337,0.164399989,0.549455973,0.135337647,0.033165518,0.066788775,0.068752282,0.146499805,0.450544027,113691455,10.50,2
23,2019,Texans,0.048339824,0.078639908,0.168629441,0.020835311,0.164638956,0.48108344,0.157344873,0.109804782,0.061469259,0.062664038,0.127633608,0.51891656,162056713,8.5,10
24,2014,Panthers,0.087617597,0.119170618,0.041710768,0.092929772,0.164666261,0.506095016,0.065194216,0.267534164,0.093189034,0.049554221,0.01843335,0.493904984,99787181,8.5,7
29,2014,Bills,0.052552653,0.098826312,0.058819356,0.026576134,0.164770251,0.401544706,0.118451386,0.201899924,0.107988173,0.062623597,0.107492214,0.598455294,116578053,6.5,9
18,2015,Steelers,0.179071126,0.028719811,0.094126725,0.053933783,0.165373994,0.521225439,0.128049336,0.067972105,0.116171191,0.048911733,0.117670196,0.478774561,113687446,9,10
14,2020,Saints,0.182553482,0.062082824,0.097879118,0.07835455,0.165377144,0.586247117,0.095603323,0.091084805,0.086406443,0.042136074,0.098522237,0.413752883,162226432,12,12
17,2016,Jaguars,0.075863419,0.038766095,0.102820647,0.083398845,0.165739378,0.466588384,0.233939969,0.048960079,0.078885786,0.053402087,0.118223695,0.533411616,143207307,"7.5 (Under total, won 3 games)",3
23,2017,Buccaneers,0.083104679,0.063495829,0.13312433,0.022504711,0.166335916,0.468565465,0.213944282,0.069115819,0.062436266,0.060174908,0.125763259,0.531434535,141255404,"8.5 (Under total, won 5 games)",5
11,2014,Giants,0.184020061,0.044849078,0.113193413,0.018252966,0.166453715,0.526769232,0.054056265,0.060810193,0.127417819,0.125848983,0.105097507,0.473230768,114163640,8,6
29,2019,Ravens,0.028457003,0.031582291,0.084294516,0.046283262,0.167167894,0.357784966,0.145617454,0.035853152,0.035179586,0.160284122,0.26528072,0.642215034,147163073,8.5,14
28,2014,Ravens,0.148247323,0.017996882,0.065679167,0.047498556,0.168033525,0.447455454,0.201597539,0.134536058,0.052280234,0.051288552,0.112842164,0.552544546,105084036,8.5,10
23,2020,Cardinals,0.055152001,0.061000689,0.133645157,0.029396634,0.169018943,0.448213424,0.073684439,0.189310024,0.104941371,0.039883402,0.14396734,0.551786576,173667333,9.5,8
22,2016,Titans,0.059585612,0.060138455,0.117464593,0.086934533,0.169238072,0.493361266,0.121447125,0.135983269,0.063605712,0.082115823,0.103486805,0.506638734,126440893,"5.5 (Over total, won 9 games)",9
2,2017,Falcons,0.181038853,0.039136689,0.185531261,0.026535995,0.170527762,0.602770561,0.074662234,0.12052377,0.056200348,0.043282036,0.102561051,0.397229439,151474667,"9.5 (Over total, won 10 games)",10
23,2014,Buccaneers,0.045905569,0.032726377,0.142304832,0.03442653,0.170620554,0.425983862,0.221370477,0.118090462,0.040053446,0.088819805,0.105681947,0.574016138,120076260,7,2
7,2013,Vikings,0.07112317,0.132265833,0.087141436,0.038474908,0.170693108,0.499698456,0.097030731,0.20615218,0.114007476,0.047788269,0.035322889,0.500301544,119096970,7.00,5
5,2016,Falcons,0.208978751,0.015106004,0.178932239,0.044736492,0.171597114,0.6193506,0.031007357,0.170294506,0.085722022,0.039976311,0.053649204,0.3806494,122649312,"7.5 (Over total, won 11 games)",11
7,2020,Cowboys,0.220366501,0.076208416,0.11193856,0.040425179,0.172098062,0.621036718,0.085175314,0.084954841,0.116904829,0.032342998,0.059585301,0.378963282,162133209,4.5,6
7,2018,Chargers,0.143963501,0.029599204,0.158304268,0.043996494,0.174183767,0.550047234,0.09081284,0.141569442,0.039461151,0.066557195,0.111552138,0.449952766,160660166,"9.5 (Over total, won 12 games)",12
11,2015,Panthers,0.127063588,0.081096991,0.069644105,0.067090843,0.174841334,0.519736861,0.053442868,0.194619664,0.148790375,0.042720114,0.040690119,0.480263139,121427391,8.5,15
20,2013,Colts,0.081383015,0.067884694,0.112344872,0.024676203,0.175486479,0.461775263,0.123966728,0.155648627,0.042384976,0.125691692,0.090532715,0.538224737,105999329,8.50,11
8,2013,Chargers,0.161072169,0.052372443,0.110020121,0.088565841,0.175488348,0.587518921,0.062846176,0.139338841,0.045865744,0.115699524,0.048730795,0.412481079,99312725,7.50,9
15,2019,Lions,0.207042001,0.014961912,0.113250138,0.043639322,0.175916928,0.5548103,0.097827936,0.062307214,0.099253541,0.032532424,0.153268585,0.4451897,154220201,6.5,3
14,2015,Saints,0.243435949,0.054649628,0.090630517,0.03732325,0.176680775,0.602720118,0.046192963,0.052697155,0.097506257,0.107210898,0.093672609,0.397279882,104169438,8.5,7
24,2017,Chiefs,0.147148626,0.029448256,0.037990275,0.049913559,0.177725175,0.44222589,0.117776827,0.249461782,0.045632483,0.09752009,0.047382928,0.55777411,144107958,"9 (Over total, won 10 games)",10
31,2014,Raiders,0.097237169,0.071824897,0.092555045,0.014374621,0.178158606,0.454150337,0.084165766,0.150309145,0.054050251,0.137912798,0.119411704,0.545849663,97408132,5,3
17,2020,Chargers,0.072756726,0.039627613,0.108567796,0.089446809,0.178264386,0.48866333,0.048526499,0.20809579,0.085961077,0.044959765,0.123793538,0.51133667,179738105,6.5,7
11,2019,Colts,0.072398967,0.01784835,0.192208902,0.08867208,0.178278649,0.549406949,0.016183072,0.215050483,0.029850415,0.056482464,0.133026617,0.450593051,162892310,7.5,7
22,2013,Rams,0.127568869,0.024554193,0.051005838,0.057873497,0.179088941,0.440091338,0.087273402,0.130008508,0.146241585,0.033929775,0.162455394,0.559908662,107433546,6.50,7
3,2014,Chargers,0.160612401,0.077405506,0.097606489,0.08378444,0.179653374,0.59906221,0.065441502,0.108341001,0.054184815,0.117325996,0.055644476,0.40093779,111179248,8,9
12,2017,Ravens,0.205948792,0.0405882,0.124858661,0.041536218,0.179800149,0.592732021,0.066303227,0.086943113,0.041067731,0.097187706,0.115766202,0.407267979,129847812,"8.5 (Over total, won 9 games)",9
5,2015,Patriots,0.125682834,0.036878201,0.136291277,0.102529224,0.179836853,0.581218389,0.067443591,0.109078816,0.106239604,0.09747211,0.03854749,0.418781611,117691450,10,12
10,2016,Bengals,0.095363318,0.050936759,0.12069083,0.032890003,0.181137033,0.481017941,0.105972227,0.10256626,0.102368969,0.073446516,0.134628087,0.518982059,148856115,"9.5 (Under total, won 6 games)",6
31,2013,Raiders,0.020260653,0.207390446,0.081459358,0.02644295,0.18157487,0.517128277,0.091246902,0.03673459,0.115713385,0.119323032,0.119853813,0.482871723,56588354,5.50,4
28,2018,Rams,0.057462828,0.05923718,0.092750152,0.018076944,0.181964577,0.409491681,0.256327702,0.037823186,0.071522502,0.08899172,0.135843209,0.590508319,152578499,"10 (Over total, won 13 games)",13
4,2017,Cardinals,0.186612768,0.023205324,0.129342248,0.038585948,0.182998605,0.560744893,0.075799672,0.091672091,0.039057873,0.099532666,0.133192807,0.439255107,158023046,"8.5 (Under total, won 8 games)",8
4,2016,Chargers,0.123080832,0.050990254,0.129082212,0.059282033,0.183855668,0.546290998,0.125148805,0.106967094,0.038534122,0.050787321,0.13227166,0.453709002,139583067,"7.5 (Under total, won 5 games)",5
29,2013,Dolphins,0.061498192,0.025320037,0.086517172,0.063050781,0.184467244,0.420853426,0.167349398,0.124358019,0.094532271,0.05276482,0.140142066,0.579146574,95274427,6.50,8
17,2015,Ravens,0.150674678,0.025910257,0.087364921,0.079232421,0.184574696,0.527756973,0.057316458,0.129370744,0.069042405,0.151601779,0.064911641,0.472243027,112456932,9,5
27,2018,Broncos,0.104778079,0.013099735,0.096805259,0.019885753,0.184694814,0.41926364,0.13082748,0.147171613,0.090905271,0.057716391,0.154115606,0.58073636,149897766,"7 (Under total, won 6 games)",6
27,2015,Texans,0.052114159,0.089147177,0.05255069,0.04674305,0.184870037,0.425425112,0.168698308,0.073921993,0.103360535,0.039581202,0.18901285,0.574574888,121998266,8.5,9
0,2015,Broncos,0.13974939,0.015506242,0.169183518,0.058518427,0.184927399,0.567884976,0.071685718,0.154130829,0.024167504,0.082864481,0.099266492,0.432115024,136438084,10,12
18,2018,Lions,0.193168187,0.054028392,0.071920637,0.033443588,0.185421182,0.537981986,0.042672584,0.139243346,0.092182872,0.09720329,0.090715923,0.462018014,142673597,"7.5 (Under total, won 6 games)",6
25,2013,Jaguars,0.104540496,0.112873003,0.085570995,0.089678858,0.185498157,0.57816151,0.057758219,0.1167587,0.169629948,0.032957004,0.04473462,0.42183849,79850281,5.00,4
21,2013,Chiefs,0.096003045,0.04823093,0.077712263,0.030801513,0.185661514,0.438409265,0.123355674,0.156458544,0.045556995,0.118802539,0.117416984,0.561590735,111541598,6.50,11
8,2020,Chiefs,0.036848476,0.025915138,0.186912632,0.063925892,0.186359278,0.499961416,0.093456377,0.139153307,0.109441367,0.117869411,0.040118122,0.500038584,196765342,12.5,14
7,2016,Bears,0.150155717,0.01613752,0.172554904,0.033288723,0.186403619,0.558540483,0.078280365,0.173676452,0.088932273,0.028222845,0.072347581,0.441459517,134129778,"7.5 (Under total, won 3 games)",3
4,2015,Eagles,0.135693875,0.0937173,0.071969078,0.053665976,0.186865536,0.541911764,0.067909251,0.128946527,0.065946466,0.086832076,0.108453915,0.458088236,128173464,9,7
30,2019,Broncos,0.049409399,0.035188793,0.032122625,0.052208302,0.186999429,0.355928547,0.135913284,0.234275774,0.055570627,0.079679364,0.138632404,0.644071453,140381429,7,7
25,2015,Buccaneers,0.055441619,0.047223065,0.168481547,0.04030009,0.187175711,0.498622032,0.222755125,0.0506057,0.11326799,0.037984071,0.076765082,0.501377968,107606633,6,6
5,2017,Packers,0.138614804,0.015778734,0.208004406,0.024742808,0.188165226,0.575305979,0.096951173,0.172457722,0.016892513,0.077286079,0.061106534,0.424694021,151747406,"10.5 (Under total, won 7 games)",7
13,2017,Cowboys,0.014179232,0.06268632,0.207341769,0.131783937,0.18884775,0.604839009,0.038557527,0.137702509,0.107971932,0.024654104,0.086274918,0.395160991,125698908,"9 (Pushed total, won 9 games)",9
10,2020,Bills,0.042905196,0.026780039,0.167026655,0.050804869,0.18935004,0.476866799,0.103989718,0.15398531,0.081922197,0.081628751,0.101607225,0.523133201,204088312,10,13
2,2014,Broncos,0.156514301,0.023088142,0.157707875,0.030827969,0.191634457,0.559772744,0.062183316,0.100311827,0.089019238,0.059996891,0.128715984,0.440227256,119024868,11.5,12
29,2016,Saints,0.187083724,0.049854592,0.052498754,0.05754733,0.192701632,0.539686032,0.051656102,0.097081603,0.096451677,0.166607907,0.048516679,0.460313968,99513200,"7.5 (Under total, won 7 games)",7
20,2015,49ers,0.168605924,0.043615323,0.135061198,0.027027288,0.193292878,0.567602612,0.06448793,0.112260448,0.105497681,0.086874768,0.063276561,0.432397388,102217470,6.5,5
12,2015,Bengals,0.076152687,0.030053928,0.139278453,0.029470331,0.193690233,0.468645632,0.105319687,0.087422235,0.153205824,0.060387586,0.125019035,0.531354368,134450646,8.5,12
11,2016,Buccaneers,0.056009441,0.068102686,0.13731662,0.031284266,0.193708957,0.48642197,0.126411637,0.09839073,0.102754213,0.038768214,0.147253235,0.51357803,146261574,"7.5 (Over total, won 9 games)",9
14,2019,Rams,0.072394973,0.074613885,0.162520159,0.026019329,0.195739681,0.531288028,0.188197147,0.109844351,0.037714897,0.06030611,0.072649466,0.468711972,162519254,10.5,9
12,2019,Giants,0.209168044,0.066199822,0.119044704,0.064504816,0.195868737,0.654786123,0.056494878,0.085971034,0.1048001,0.061122145,0.036825721,0.345213877,135800682,6,4
22,2020,Steelers,0.147287532,0.018008299,0.033721556,0.050935959,0.196038163,0.445991509,0.1824677,0.119538092,0.080521954,0.043017763,0.128462982,0.554008491,175082165,5,12
13,2020,49ers,0.163069275,0.071991874,0.064154353,0.046872751,0.196622179,0.542710431,0.036575784,0.188803078,0.02650695,0.073756695,0.131647061,0.457289569,175735043,10.5,6
26,2013,Bengals,0.025152083,0.050524134,0.076701829,0.043974046,0.196713827,0.393065919,0.12282338,0.217700639,0.073542488,0.051256495,0.141611079,0.606934081,113820911,8.50,11
18,2013,Cardinals,0.063556444,0.054637745,0.154669627,0.045560107,0.197389572,0.515813496,0.211045111,0.055058548,0.081996761,0.028927512,0.107158572,0.484186504,97126154,5.50,10
13,2015,Jaguars,0.065207305,0.044282203,0.062444561,0.130881358,0.197431591,0.500247018,0.177902399,0.095691579,0.108448883,0.04278001,0.074930111,0.499752982,125664955,5.5,5
10,2019,Titans,0.133672484,0.042021059,0.092663565,0.050447902,0.197602677,0.516407687,0.147015131,0.05019878,0.0626697,0.048420137,0.175288564,0.483592313,174179452,8,9
4,2019,Bengals,0.10559705,0.047084141,0.174528373,0.066086082,0.198558815,0.591854461,0.111625904,0.082692561,0.027916625,0.042944645,0.142965803,0.408145539,164673918,5.5,2
8,2018,Colts,0.203543293,0.016488393,0.16261035,0.105840783,0.198607083,0.687089903,0.04114854,0.148168707,0.030458826,0.051132392,0.042001632,0.312910097,126374471,"7.5 (Over total, won 10 games)",10
19,2013,Cowboys,0.141262188,0.02307191,0.083013167,0.057487907,0.199036014,0.503871186,0.042251188,0.213286912,0.074474056,0.037071932,0.129044725,0.496128814,97825060,8.50,8
3,2019,Redskins,0.185417049,0.050839467,0.061625026,0.109269247,0.199172713,0.606323503,0.068877145,0.11387469,0.023812383,0.046758303,0.140353977,0.393676497,161658284,5.5,3
10,2014,49ers,0.053402541,0.073127819,0.122398556,0.081785567,0.200083857,0.53079834,0.129772632,0.086985636,0.124356196,0.06150651,0.066580687,0.46920166,114495019,10.5,8
13,2018,Panthers,0.137625881,0.042230763,0.077918567,0.057612284,0.200721195,0.516108689,0.160473465,0.096479948,0.112038174,0.052743493,0.06215623,0.483891311,161637265,"8.5 (Under total, won 7 games)",7
6,2019,Browns,0.065454857,0.018840618,0.197746842,0.036321404,0.203257125,0.521620846,0.063082015,0.133458552,0.079682138,0.084438649,0.1177178,0.478379154,180675285,9,6
20,2018,Dolphins,0.070001357,0.027465779,0.171663053,0.029481876,0.203593819,0.502205885,0.034355165,0.255007612,0.095178966,0.088742705,0.024509667,0.497794115,150099876,"6.5 (Over total, won 7 games)",7
15,2013,Redskins,0.060842392,0.022541065,0.201029763,0.047318968,0.203986772,0.53571896,0.144928021,0.093229191,0.106718573,0.047057811,0.072347443,0.46428104,98171140,8.00,3
15,2015,Giants,0.135220386,0.061074893,0.132869138,0.01676596,0.20468969,0.550620066,0.045467872,0.12130582,0.097503154,0.029598481,0.155504606,0.449379934,112710816,8,6
1,2016,Redskins,0.175466529,0.019165925,0.185585936,0.066185885,0.205715117,0.652119392,0.077517166,0.091651593,0.032976568,0.061042134,0.084693148,0.347880608,126732626,"7.5 (Over total, won 8 games)",8
29,2015,Dolphins,0.067827573,0.02333013,0.062615839,0.060655751,0.205989636,0.420418929,0.103355446,0.166668002,0.082473191,0.096602613,0.130481818,0.579581071,112430147,9,6
2,2016,Steelers,0.183900891,0.032180878,0.12256761,0.030006004,0.206095174,0.574750557,0.103253708,0.072914452,0.148438022,0.052708172,0.047935089,0.425249443,137763362,"10.5 (Over total, won 11 games)",11
7,2019,49ers,0.118594802,0.080297304,0.087787841,0.023453208,0.206862191,0.516995346,0.039761132,0.218690956,0.084416251,0.059134311,0.081002004,0.483004654,181562410,8,13
0,2018,49ers,0.234276459,0.050979284,0.113153321,0.022346168,0.207120477,0.627875709,0.061536612,0.101373822,0.05429741,0.038705126,0.116211321,0.372124291,163043522,"8.5 (Under total, won 4 games)",4
19,2016,Jets,0.075212201,0.039713083,0.15447628,0.018832431,0.207188481,0.495422475,0.163022609,0.019735031,0.080801614,0.058478017,0.182540253,0.504577525,134391733,"7.5 (Under total, won 5 games)",5
28,2019,Bills,0.04468881,0.03036702,0.125040914,0.067886505,0.207637128,0.475620378,0.140840489,0.17396538,0.074287128,0.085032316,0.050254309,0.524379622,150235058,7.5,10
21,2015,Browns,0.061825868,0.015004644,0.112989746,0.039667088,0.208084537,0.437571884,0.115633485,0.107682507,0.070454888,0.089041848,0.179615388,0.562428116,130915331,6,3
26,2018,Titans,0.059948334,0.040637333,0.052387408,0.072784496,0.208380871,0.434138443,0.165550861,0.122182366,0.076300733,0.072255346,0.129572252,0.565861557,161880161,"8 (Over total, won 9 games)",9
24,2016,Dolphins,0.096330286,0.014322676,0.046185739,0.082085965,0.209141753,0.448066419,0.12678349,0.180663339,0.064360145,0.086202166,0.093924441,0.551933581,137871303,"7 (Over total, won 10 games)",10
3,2016,Patriots,0.119285363,0.039202778,0.1331638,0.099699808,0.20987015,0.601221899,0.040018193,0.116574523,0.105142595,0.09971205,0.037330741,0.398778101,127922694,"11 (Over total, won 14 games)",14
17,2013,Panthers,0.084063644,0.103040282,0.122456013,0.047968529,0.210519466,0.568047933,0.056521368,0.128986476,0.136817457,0.073642539,0.035984227,0.431952067,90163282,7.00,12
26,2019,Jaguars,0.086274112,0.061162915,0.091562435,0.036142886,0.210642033,0.485784381,0.18198387,0.048835937,0.082752839,0.041734468,0.158908505,0.514215619,152420728,8,6
9,2020,Texans,0.080554112,0.09190093,0.129852927,0.033871972,0.211253298,0.547433238,0.133793453,0.088391674,0.100442016,0.036993431,0.092946188,0.452566762,177951376,9.5,4
3,2013,Broncos,0.162978155,0.044154158,0.088127977,0.069783628,0.211763403,0.576807322,0.059911013,0.04626948,0.112782676,0.051326913,0.152902596,0.423192678,114839286,11.00,13
3,2020,Buccaneers,0.145293518,0.036749298,0.074748447,0.104358603,0.212050149,0.573200015,0.108682446,0.157896326,0.102726627,0.021716321,0.035778265,0.426799985,189660904,10.5,11
8,2014,Vikings,0.090512397,0.122891832,0.090612657,0.034080832,0.212400146,0.550497864,0.086512638,0.143703856,0.114851894,0.034650049,0.069783698,0.449502136,113554357,6,7
3,2018,Packers,0.142339744,0.010201315,0.17224769,0.069878169,0.212507997,0.607174915,0.125051264,0.152793198,0.029684344,0.019020146,0.066276134,0.392825085,155065110,"10 (Under total, won 6 games)",6
7,2017,Bears,0.142227426,0.015943435,0.097890869,0.071072121,0.213079341,0.540213192,0.098893056,0.113582836,0.080056302,0.048358525,0.118896089,0.459786808,149609858,"5.5 (Under total, won 5 games)",5
9,2014,Texans,0.045784966,0.088231048,0.185363825,0.041164938,0.213277154,0.573821932,0.075730614,0.075288294,0.079990578,0.029148881,0.166019701,0.426178068,107189399,7.5,9
8,2016,Panthers,0.182460633,0.093219631,0.072734108,0.068220219,0.213765962,0.630400553,0.084340816,0.050248306,0.155710229,0.049482082,0.029818014,0.369599447,117559605,"10.5 (Under total, won 6 games)",6
16,2019,Chiefs,0.065056505,0.04733176,0.181726569,0.088890916,0.214273388,0.597279138,0.055738244,0.097793889,0.084021263,0.100048803,0.065118663,0.402720862,142780619,10.5,12
12,2013,Jets,0.153450801,0.043195064,0.133206788,0.026967601,0.215010541,0.571830795,0.056641596,0.046547646,0.158069987,0.031483566,0.13542641,0.428169205,96180782,6.50,8
16,2020,Giants,0.050799017,0.084148837,0.144329007,0.044840807,0.215341814,0.539459482,0.145878343,0.04426332,0.101502035,0.090101517,0.078795303,0.460540518,165461943,3.5,6
12,2020,Falcons,0.128699001,0.056085371,0.160691163,0.018421581,0.215364217,0.579261332,0.106627126,0.087909046,0.077826459,0.106336862,0.042039176,0.420738668,167116931,4.5,4
21,2014,Cowboys,0.128545505,0.02835774,0.056951842,0.100353152,0.215534742,0.529742981,0.059688719,0.053261376,0.101492832,0.041440218,0.214373874,0.470257019,99300757,7.5,12
27,2014,Seahawks,0.020679805,0.092367847,0.057684708,0.06824859,0.216687769,0.455668718,0.110265953,0.134036489,0.102159438,0.137633343,0.060236059,0.544331282,107710782,11,12
2,2019,Chargers,0.1568109,0.037530515,0.13678341,0.040639924,0.217409314,0.589174064,0.039488733,0.188642018,0.068886478,0.042096473,0.071712233,0.410825936,172594220,9.5,5
4,2014,Rams,0.164988083,0.030093007,0.06200474,0.071542211,0.217423415,0.546051456,0.0997297,0.179712893,0.109875747,0.034832196,0.029798007,0.453948544,120796603,7.5,6
18,2019,Seahawks,0.176076903,0.032841709,0.080452776,0.043894545,0.218041251,0.551307185,0.03339675,0.140755891,0.177005983,0.069484812,0.028049378,0.448692815,153323721,8.5,11
3,2017,Redskins,0.174111013,0.028283709,0.068870104,0.074848146,0.219709683,0.565822656,0.078712583,0.107475844,0.051825025,0.041763874,0.154400019,0.434177344,158195622,"7.5 (Under total, won 7 games)",7
21,2019,Jets,0.058563731,0.07054023,0.11953823,0.019087853,0.220942542,0.488672586,0.117343967,0.033721939,0.154540768,0.069371777,0.136348963,0.511327414,162074903,7.5,7
1,2015,Vikings,0.039163349,0.126643047,0.117231823,0.065005409,0.221467221,0.569510848,0.075478441,0.115480521,0.088635342,0.0415557,0.109339148,0.430489152,133927210,8,11
4,2013,Giants,0.201055926,0.046033631,0.079309774,0.027408777,0.221505714,0.575313821,0.046785415,0.087043559,0.072356581,0.116118151,0.102382473,0.424686179,109414333,9.00,7
14,2013,Patriots,0.142673409,0.035974907,0.085481362,0.040552067,0.22250529,0.527187036,0.148198524,0.062727088,0.105522107,0.072163952,0.084201293,0.472812964,102359319,11.00,12
2,2015,Redskins,0.07218568,0.026011742,0.195234428,0.043734668,0.222740267,0.559906786,0.16632306,0.074740483,0.059013743,0.053722918,0.086293011,0.440093214,124649168,6,9
22,2019,Steelers,0.173640345,0.010960776,0.028352873,0.050282279,0.223889797,0.487126071,0.19580139,0.089386126,0.080994019,0.034335357,0.112357036,0.512873929,161203273,9.5,8
23,2016,Texans,0.103880606,0.057024624,0.046481684,0.014864683,0.224181902,0.4464335,0.165331203,0.102330194,0.103790187,0.038398842,0.143716075,0.5535665,138742413,"8.5 (Over total, won 9 games)",9
9,2015,Cardinals,0.090186503,0.022456639,0.123353411,0.039498575,0.224580883,0.50007601,0.182477171,0.042686478,0.072115081,0.031865166,0.170780093,0.49992399,131218836,8.5,13
5,2018,Browns,0.158251814,0.036592056,0.125843787,0.04748196,0.225890306,0.594059924,0.017434286,0.089588527,0.139816733,0.036517036,0.122583493,0.405940076,154452321,"5.5 (Over total, won 7 games)",7
6,2020,Browns,0.066533429,0.038417743,0.184917654,0.045568393,0.22618643,0.561623648,0.099842336,0.145645553,0.038241395,0.048654418,0.10599265,0.438376352,179423686,9.5,11
6,2016,Vikings,0.085903596,0.094442811,0.05940819,0.053934923,0.227220769,0.52091029,0.082140373,0.111617742,0.082082234,0.089324837,0.113924524,0.47908971,144703348,"9 (Under total, won 8 games)",8
11,2018,Eagles,0.137848463,0.03296787,0.107437794,0.046250499,0.22730602,0.551810646,0.125701518,0.131541104,0.047839431,0.108360418,0.034746883,0.448189354,156007289,"10.5 (Under total, won 9 games)",9
17,2019,Falcons,0.112175202,0.058898402,0.09521652,0.032658807,0.227352524,0.526301455,0.107094758,0.066442323,0.131053842,0.063458536,0.105649087,0.473698545,161024894,8.5,7
31,2016,Browns,0.12026829,0.031351032,0.087947343,0.039974901,0.227497756,0.507039323,0.12133922,0.016377804,0.072299209,0.027318705,0.25562574,0.492960677,91648306,"5 (Under total, won 1 game)",1
0,2014,Falcons,0.159788052,0.060039654,0.154539455,0.010728355,0.227777028,0.612872545,0.123708881,0.085752032,0.065947464,0.065764189,0.04595489,0.387127455,116256965,8.5,6
0,2013,Eagles,0.119013215,0.090720414,0.171089095,0.048983293,0.228198049,0.658004066,0.04681049,0.091058191,0.088957284,0.061530207,0.053639761,0.341995934,112467653,7.00,10
4,2018,Redskins,0.143766541,0.041546545,0.074233159,0.106936186,0.228773963,0.595256393,0.076594139,0.11234475,0.043710364,0.036235947,0.135858406,0.404743607,155603577,"7 (Pushed total, won 7 games)",7
1,2013,Seahawks,0.012752301,0.088447596,0.137846919,0.104656425,0.228949543,0.572652784,0.063074245,0.204859665,0.060418463,0.070265838,0.028729005,0.427347216,122102279,10.00,13
6,2017,Eagles,0.052488711,0.050926792,0.134930795,0.066734416,0.22895194,0.534032654,0.098524331,0.143955578,0.097108975,0.097578117,0.028800345,0.465967346,151436105,"8.5 (Over total, won 13 games)",13
1,2014,Saints,0.17366976,0.049189277,0.11094553,0.057111353,0.230795752,0.621711672,0.081369709,0.047627844,0.091479597,0.082146162,0.075665015,0.378288328,109772237,10.5,7
2,2020,Eagles,0.123915189,0.021731774,0.172964389,0.089159192,0.231018596,0.638789141,0.152934316,0.075391069,0.030892316,0.052176057,0.049817101,0.361210859,173118583,6.5,4
27,2020,Jets,0.082947051,0.018221113,0.155177493,0.046655489,0.232202376,0.535203521,0.153557007,0.04384915,0.130473025,0.066734296,0.070183,0.464796479,129493296,1.5,2
3,2015,Jets,0.036691302,0.045449801,0.145228003,0.029617007,0.234614237,0.49160035,0.122594106,0.026119919,0.0745234,0.062509361,0.222652863,0.50839965,141516020,7.5,10
23,2018,Chiefs,0.043322101,0.025739485,0.089901626,0.086117376,0.234995461,0.480076051,0.092554681,0.206971434,0.043168184,0.140698343,0.036531308,0.519923949,149170349,"8.5 (Over total, won 12 games)",12
15,2014,Titans,0.05425286,0.061988077,0.084441848,0.072212828,0.236598829,0.509494443,0.127542552,0.081438081,0.05958099,0.125913746,0.096030189,0.490505557,111248974,7,2
16,2018,Steelers,0.166913413,0.010483432,0.088817453,0.039960939,0.238018467,0.544193704,0.125965848,0.051734024,0.102843958,0.05139772,0.123864746,0.455806296,147428817,"10.5 (Under total, won 9 games)",9
13,2014,Redskins,0.063303623,0.023936911,0.164886274,0.034248315,0.239376532,0.525751657,0.199150105,0.134887256,0.045427255,0.028097915,0.066685813,0.474248343,111888161,7.5,4
6,2018,Saints,0.180290142,0.04762852,0.086337497,0.052202324,0.239862241,0.606320724,0.04844622,0.136827969,0.099138926,0.052360514,0.056905648,0.393679276,148941033,"9.5 (Over total, won 13 games)",13
0,2020,Colts,0.222361902,0.02657473,0.092571922,0.051010515,0.240335684,0.632854752,0.138393312,0.092732957,0.037688329,0.035107013,0.063223638,0.367145248,211841892,9.5,11
23,2013,Buccaneers,0.011264877,0.044177369,0.127873937,0.022765195,0.240688373,0.446769751,0.140518068,0.047862014,0.055206937,0.12396552,0.18567771,0.553230249,105138743,7.50,4
29,2017,Jets,0.067546967,0.083562133,0.065316296,0.019802171,0.241062645,0.477290213,0.243181429,0.042504713,0.048329793,0.056099005,0.132594848,0.522709787,123383542,"3.5 (Over total, won 5 games)",5
19,2019,Eagles,0.094565597,0.036215323,0.132436569,0.051808927,0.241367968,0.556394383,0.11566888,0.076604756,0.050947823,0.136280419,0.064103738,0.443605617,150993379,10.5,9
5,2014,Eagles,0.031087838,0.135286514,0.088123811,0.047140154,0.241793843,0.543432161,0.050174819,0.146619709,0.084763586,0.062663013,0.112346713,0.456567839,121341245,9,10
26,2020,Patriots,0.023294998,0.075278618,0.119438299,0.015658501,0.241974046,0.475644462,0.0889993,0.070567447,0.015874772,0.087024529,0.26188949,0.524355538,154768330,6.5,7
2,2013,Titans,0.057874598,0.140427867,0.115867741,0.063742849,0.244048341,0.621961396,0.05933193,0.080152722,0.052430286,0.098425516,0.087698151,0.378038604,109494635,6.50,7
20,2020,Panthers,0.105956675,0.081713927,0.113515992,0.020237219,0.244330675,0.565754488,0.178413246,0.076515251,0.089049302,0.060876451,0.029391262,0.434245512,147243456,6.5,5
17,2018,Jets,0.104671471,0.053599825,0.086629407,0.025647436,0.244712351,0.51526049,0.107627721,0.039629512,0.079152989,0.072664167,0.185665122,0.48473951,150573569,"6 (Under total, won 4 games)",4
25,2020,Redskins,0.138366951,0.030344701,0.033336948,0.037535488,0.245600244,0.485184332,0.097132847,0.153368627,0.069381358,0.115298021,0.079634815,0.514815668,152805528,9.5,7
1,2018,Raiders,0.176110208,0.052288487,0.126755626,0.078376973,0.24719936,0.680730654,0.080606451,0.015985362,0.06935882,0.075219674,0.078099038,0.319269346,147153310,"7.5 (Under total, won 4 games)",4
1,2019,Buccaneers,0.136858928,0.029111146,0.125363204,0.065138494,0.247462314,0.603934087,0.121966677,0.106994408,0.100880732,0.030833027,0.035391069,0.396065913,173687974,6.5,7
25,2019,Cardinals,0.060422961,0.088415846,0.121439352,0.02613529,0.24772163,0.54413508,0.077687263,0.159962159,0.056149562,0.034862551,0.127203385,0.45586492,137308712,5,5
5,2020,Packers,0.130797258,0.037461106,0.108912706,0.0281374,0.25070597,0.556014441,0.081601807,0.189828772,0.043656138,0.077991287,0.050907555,0.443985559,188425509,9,13
2,2018,Falcons,0.140295972,0.046023898,0.153509712,0.015287537,0.252158353,0.607275472,0.037834159,0.075044629,0.053916543,0.059348654,0.166580544,0.392724528,159157813,"9.5 (Under total, won 7 games)",7
9,2017,Saints,0.15754369,0.051444092,0.05548442,0.102749051,0.25334783,0.620569084,0.056872978,0.122431058,0.087944176,0.073226021,0.038956683,0.379430916,129265729,"8 (Over total, won 11 games)",11
30,2013,Browns,0.044556969,0.023509385,0.060526843,0.027991937,0.254109632,0.410694767,0.210409556,0.152503012,0.082944154,0.026707889,0.116740622,0.589305233,93617207,5.50,4
31,2017,49ers,0.012916609,0.028508337,0.139503731,0.038659918,0.258852466,0.478441059,0.088906492,0.181184075,0.090261224,0.096212198,0.064994952,0.521558941,99111851,"5 (Over total, won 6 games)",6
0,2017,Steelers,0.140252972,0.08756106,0.11871379,0.026343215,0.260777844,0.633648881,0.105726316,0.054645011,0.046116586,0.083298901,0.076564305,0.366351119,149763536,"10.5 (Over total, won 13 games)",13
1,2020,Raiders,0.155552667,0.040825027,0.089591898,0.077013439,0.261372379,0.62435541,0.065106098,0.089630425,0.080617475,0.099052377,0.041238215,0.37564459,203307347,8.5,8
4,2020,Titans,0.129266226,0.048436069,0.118005427,0.036494607,0.262727192,0.594929521,0.078369504,0.087493735,0.042519031,0.076775964,0.119912246,0.405070479,179335320,6.5,11
14,2016,Raiders,0.032909705,0.020066474,0.137831633,0.041791179,0.263191993,0.495790983,0.076649493,0.138413528,0.050350106,0.090386438,0.148409452,0.504209017,140475554,"8.5 (Over total, won 12 games)",12
8,2019,Saints,0.167181684,0.023615351,0.082044077,0.040874026,0.267546962,0.581262101,0.06793894,0.092181102,0.127684117,0.026342584,0.104591156,0.418737899,159078431,10,13
20,2016,Eagles,0.079262964,0.082098939,0.039241825,0.050888917,0.26807595,0.519568595,0.077683767,0.157997145,0.096327863,0.091764577,0.056658053,0.480431405,125665790,"6.5 (Over total, won 7 games)",7
29,2020,Jaguars,0.01747651,0.033741808,0.102455585,0.05541263,0.26984328,0.478929814,0.075838783,0.079781231,0.197409142,0.047430767,0.120610263,0.521070186,126968598,2.5,1
25,2014,Browns,0.024848983,0.013533421,0.095323582,0.041444912,0.27122284,0.446373738,0.152828069,0.123324568,0.064221318,0.059285194,0.153967113,0.553626262,113001807,6.5,7
5,2019,Raiders,0.171711503,0.053489491,0.096250684,0.038552241,0.273485321,0.63348924,0.039912251,0.071646453,0.056901819,0.133529851,0.064520385,0.36651076,149602563,5.5,7
0,2019,Packers,0.181250654,0.013722899,0.098362083,0.09953856,0.27603519,0.668909387,0.0529164,0.114051745,0.028419729,0.053847375,0.081855364,0.331090613,165847677,9,13
1,2017,Raiders,0.111669252,0.025609366,0.138900233,0.055707994,0.28142478,0.613311625,0.032229899,0.104822955,0.025607763,0.074363716,0.149664041,0.386688375,152832249,"9.5 (Under total, won 6 games)",6
24,2015,Raiders,0.017521058,0.035696365,0.111842013,0.0438427,0.284602619,0.493504755,0.095268486,0.11878677,0.116626089,0.134561389,0.041252511,0.506495245,109471930,5.5,7
14,2014,Jets,0.057583708,0.065421014,0.161128065,0.035396534,0.28783076,0.60736008,0.079953251,0.084172858,0.098743847,0.048721489,0.081048474,0.39263992,93826504,7,4
16,2017,Bills,0.085461328,0.093407173,0.054231591,0.095725558,0.298802688,0.627628337,0.086193519,0.114510902,0.059081901,0.064158557,0.048426784,0.372371663,119799344,"6.5 (Over total, won 9 games)",9
22,2018,Cowboys,0.0132295,0.056108364,0.129694588,0.017273567,0.314260614,0.530566632,0.040780381,0.21977526,0.133433239,0.034355918,0.041088571,0.469433368,137337242,"8.5 (Over total, won 10 games)",10
9,2019,Cowboys,0.017641199,0.044099627,0.140929562,0.037159367,0.321584256,0.561414012,0.098857815,0.14334046,0.090748139,0.03418828,0.071451295,0.438585988,164587221,9,8
30,2017,Browns,0.021221618,0.042928943,0.049920239,0.031254579,0.399625284,0.544950663,0.05309251,0.088334084,0.207545081,0.037286024,0.068791637,0.455049337,104137062,"4.5 (Under total, won 0 games)",0